scenario,month,units,gross_sales,cash_collected,ending_receivable,refund_reserve,vat_reserve,manufacturing_cogs,other_variable_expense,contribution,fixed_opex,nre_cash,operating_profit,inventory_purchase_units,inventory_purchase_cash,ending_inventory_units,ending_inventory_value,net_cash_flow,ending_cash
downside,0,0,0,0,0,0,0,0,0,0,0,120000.0,-120000.0,0,0.0,0,0.0,-120000.0,480000.0
downside,1,0,0.0,0.0,0.0,0.0,0.0,0.0,0.0,0.0,55000.0,0,-55000.0,11,1188.0,11,1188.0,-56188.0,423812.0
downside,2,10,2990.0,2990.0,0.0,119.6,343.98,1080.0,781.3,665.12,55000.0,0,-54334.88,30,3240.0,31,3348.0,-56494.88,367317.12
downside,3,28,8372.0,8372.0,0.0,334.88,963.15,3024.0,2187.64,1862.33,55000.0,0,-53137.67,54,6271.0,57,6595.0,-56384.67,310932.45
downside,4,52,17948.0,15251.0,2697.0,717.92,2064.81,6041.0,4799.26,4325.01,55000.0,0,-50674.99,91,10594.0,96,11148.0,-57924.99,253007.45
downside,5,88,30212.0,29313.0,3596.0,1208.48,3475.72,10220.0,8044.76,7263.04,55000.0,0,-47736.96,147,17102.0,155,18030.0,-55517.96,197489.5
downside,6,140,48160.0,45463.0,6293.0,1926.4,5540.53,16261.0,12844.02,11588.05,55000.0,0,-43411.95,216,25000.0,231,26769.0,-54847.95,142641.55
downside,7,210,71990.0,69293.0,8990.0,2879.6,8282.04,24338.0,19194.46,17295.9,55000.0,0,-37704.1,286,33234.0,307,35665.0,-49297.1,93344.45
downside,8,280,96320.0,92724.0,12586.0,3852.8,11081.06,32522.0,25688.04,23176.1,55000.0,0,-31823.9,358,41655.0,385,44798.0,-44552.9,48791.55
downside,9,350,120650.0,117054.0,16182.0,4826.0,13880.09,40706.0,32181.62,29056.29,55000.0,0,-25943.71,465,53983.0,500,58075.0,-42816.71,5974.84
downside,10,455,156645.0,152150.0,20677.0,6265.8,18021.11,52875.0,41778.85,37704.24,55000.0,0,-17295.76,532,61879.0,577,67079.0,-30794.76,-24819.92
base,0,0,0,0,0,0,0,0,0,0,0,120000.0,-120000.0,0,0.0,0,0.0,-120000.0,480000.0
base,1,0,0.0,0.0,0.0,0.0,0.0,0.0,0.0,0.0,55000.0,0,-55000.0,33,3564.0,33,3564.0,-58564.0,421436.0
base,2,30,8970.0,8970.0,0.0,358.8,1031.95,3240.0,2343.9,1995.35,55000.0,0,-53004.65,85,9180.0,88,9504.0,-58944.65,362491.35
base,3,80,23920.0,23920.0,0.0,956.8,2751.86,8640.0,6250.4,5320.94,55000.0,0,-49679.06,157,18381.0,165,19245.0,-59420.06,303071.29
base,4,150,51850.0,44658.0,7192.0,2074.0,5965.04,17476.0,13833.02,12501.94,55000.0,0,-42498.06,260,30092.0,275,31861.0,-62306.06,240765.23
base,5,250,85750.0,82154.0,10788.0,3430.0,9865.04,28984.0,22864.18,20606.78,55000.0,0,-34393.22,415,48229.0,440,51106.0,-57234.22,183531.01
base,6,400,137600.0,130408.0,17980.0,5504.0,15830.09,46460.0,36697.2,33108.71,55000.0,0,-21891.29,620,72013.0,660,76659.0,-54636.29,128894.72
base,7,600,206400.0,197410.0,26970.0,8256.0,23745.13,69690.0,55045.8,49663.07,55000.0,0,-5336.93,820,95243.0,880,102212.0,-39879.93,89014.78
base,8,800,275200.0,266210.0,35960.0,11008.0,31660.18,92920.0,73394.4,66217.42,55000.0,0,11217.42,1020,118473.0,1100,127765.0,-23325.58,65689.21
base,9,1000,344000.0,335010.0,44950.0,13760.0,39575.22,116150.0,91743.0,82771.78,55000.0,0,27771.78,1332,154713.0,1432,166328.0,-19781.22,45907.99
base,10,1300,447200.0,433715.0,58435.0,17888.0,51447.79,150995.0,119265.9,107603.31,55000.0,0,52603.31,1511,175527.0,1643,190860.0,14586.31,60494.3
upside,0,0,0,0,0,0,0,0,0,0,0,120000.0,-120000.0,0,0.0,0,0.0,-120000.0,480000.0
upside,1,0,0.0,0.0,0.0,0.0,0.0,0.0,0.0,0.0,55000.0,0,-55000.0,56,6048.0,56,6048.0,-61048.0,418952.0
upside,2,51,15249.0,15249.0,0.0,609.96,1754.31,5508.0,3984.63,3392.1,55000.0,0,-51607.9,145,15660.0,150,16200.0,-61759.9,357192.1
upside,3,136,40664.0,40664.0,0.0,1626.56,4678.16,14688.0,10625.68,9045.6,55000.0,0,-45954.4,266,31010.0,280,32522.0,-62276.4,294915.7
upside,4,255,87845.0,76158.0,11687.0,3513.8,10106.06,29645.0,23430.25,21149.89,66000.0,0,-44850.11,442,51372.0,467,54249.0,-78264.11,216651.59
upside,5,425,146075.0,138883.0,18879.0,5843.0,16805.09,49337.0,38954.99,35134.92,66000.0,0,-30865.08,705,81859.0,747,86771.0,-70579.08,146072.51
upside,6,680,233920.0,222233.0,30566.0,9356.8,26911.15,78982.0,62385.24,56284.81,66000.0,0,-9715.19,1054,122407.0,1121,130196.0,-64827.19,81245.32
upside,7,1020,350880.0,335597.0,45849.0,14035.2,40366.73,118473.0,93577.86,84427.21,66000.0,0,18427.21,1395,162056.0,1496,173779.0,-40438.79,40806.53
upside,8,1360,467840.0,452557.0,61132.0,18713.6,53822.3,157964.0,124770.48,112569.62,66000.0,0,46569.62,1734,201439.0,1870,217254.0,-12188.38,28618.15
upside,9,1700,584800.0,569517.0,76415.0,23392.0,67277.88,197455.0,155963.1,140712.02,66000.0,0,74712.02,2261,262500.0,2431,282299.0,-5615.98,23002.18
upside,10,2210,759990.0,737515.0,98890.0,30399.6,87432.48,256638.0,202680.46,182839.46,66000.0,0,116839.46,2574,298898.0,2795,324559.0,52104.46,75106.64
